width,p,seed,lambda_max,n_pos,lyap_dim
64,0.5,0,-0.37897324715461866,0,0.0
64,0.5,1,-0.6112779596379855,0,0.0
64,0.5,2,0.04792784890061177,64,64.0
64,0.5,3,-0.056337942777522125,0,0.0
64,0.5,4,-0.20676466735437285,0,0.0
64,0.5,5,-0.23428003181556492,0,0.0
64,0.5,6,0.08629114895677314,64,64.0
64,0.5,7,-0.7867583745242989,0,0.0
64,0.5,8,0.04225423269936675,63,64.0
64,0.5,9,-1.088945159882227,0,0.0
64,0.5,10,-0.07080765173310809,0,0.0
64,0.5,11,0.012654146578397847,64,64.0
64,0.5,12,-0.5809308400838972,0,0.0
64,0.5,13,-0.7218342818024498,0,0.0
64,0.5,14,-0.06245866334039546,0,0.0
64,0.5,15,-0.06157346358818612,0,0.0
64,0.5,16,-0.218257411166023,0,0.0
64,0.5,17,-0.4559418687237775,0,0.0
64,0.5,18,-0.6423592384374988,0,0.0
64,0.5,19,-0.2131446035743552,0,0.0
64,0.603448275862069,0,-0.26503078477648356,0,0.0
64,0.603448275862069,1,-0.7217544541043539,0,0.0
64,0.603448275862069,2,0.1310930988155136,64,64.0
64,0.603448275862069,3,-0.03182087239822584,0,0.0
64,0.603448275862069,4,-0.07744662216476428,0,0.0
64,0.603448275862069,5,-0.22711654616332808,0,0.0
64,0.603448275862069,6,-0.0533365967842423,0,0.0
64,0.603448275862069,7,-1.5054677749300174,0,0.0
64,0.603448275862069,8,0.015408265199824118,63,64.0
64,0.603448275862069,9,-1.0128386618767917,0,0.0
64,0.603448275862069,10,0.08527397139921203,64,64.0
64,0.603448275862069,11,0.014760938546692937,64,64.0
64,0.603448275862069,12,-0.43853418727266813,0,0.0
64,0.603448275862069,13,-0.7639778389741159,0,0.0
64,0.603448275862069,14,-0.041428050417481696,0,0.0
64,0.603448275862069,15,-0.05472270373260078,0,0.0
64,0.603448275862069,16,-0.1147692197304576,0,0.0
64,0.603448275862069,17,-0.41812772991001795,0,0.0
64,0.603448275862069,18,-0.9469097705707215,0,0.0
64,0.603448275862069,19,-0.14180072999296894,0,0.0
64,0.7068965517241379,0,-0.1834460268587723,0,0.0
64,0.7068965517241379,1,-0.7684954129555779,0,0.0
64,0.7068965517241379,2,0.0868921351439851,64,64.0
64,0.7068965517241379,3,0.00938516538649698,1,"tensor(0.1991, dtype=torch.float64)"
64,0.7068965517241379,4,-0.011832467172185184,0,0.0
64,0.7068965517241379,5,-0.2825566498153203,0,0.0
64,0.7068965517241379,6,0.02332718183229537,64,64.0
64,0.7068965517241379,7,-2.0747659930655082,0,0.0
64,0.7068965517241379,8,-0.01975047357202139,0,0.0
64,0.7068965517241379,9,-0.8893523534003596,0,0.0
64,0.7068965517241379,10,0.04453418957069149,64,64.0
64,0.7068965517241379,11,0.037014173088223384,64,64.0
64,0.7068965517241379,12,-0.40780511121894886,0,0.0
64,0.7068965517241379,13,-0.8042161568750587,0,0.0
64,0.7068965517241379,14,-0.029283019376389816,0,0.0
64,0.7068965517241379,15,-0.08107152055655943,0,0.0
64,0.7068965517241379,16,-0.010521336905158473,0,0.0
64,0.7068965517241379,17,-0.36487077424319575,0,0.0
64,0.7068965517241379,18,-1.2379037310850187,0,0.0
64,0.7068965517241379,19,-0.08642903853011193,0,0.0
64,0.8103448275862069,0,-0.1629391571458936,0,0.0
64,0.8103448275862069,1,-0.7822411221653617,0,0.0
64,0.8103448275862069,2,0.029363650480887418,64,64.0
64,0.8103448275862069,3,-0.02895608982410347,0,0.0
64,0.8103448275862069,4,0.005554138794120411,64,64.0
64,0.8103448275862069,5,-0.21211069661136098,0,0.0
64,0.8103448275862069,6,-0.0733885549327292,0,0.0
64,0.8103448275862069,7,0.02639869905625442,64,64.0
64,0.8103448275862069,8,0.0026203332896295966,62,64.0
64,0.8103448275862069,9,-1.0031839886809508,0,0.0
64,0.8103448275862069,10,0.04494718675596232,64,64.0
64,0.8103448275862069,11,0.005002410963925166,64,64.0
64,0.8103448275862069,12,-0.513109319654439,0,0.0
64,0.8103448275862069,13,-0.961920524678153,0,0.0
64,0.8103448275862069,14,-0.021829681837133814,0,0.0
64,0.8103448275862069,15,-0.10506001200120606,0,0.0
64,0.8103448275862069,16,-0.008255158959657755,0,0.0
64,0.8103448275862069,17,-0.3852583331490333,0,0.0
64,0.8103448275862069,18,-1.1720582856503443,0,0.0
64,0.8103448275862069,19,-0.05463553324120993,0,0.0
64,0.9137931034482758,0,-0.2658370672338356,0,0.0
64,0.9137931034482758,1,-0.8464453320895282,0,0.0
64,0.9137931034482758,2,-0.01503249462660946,0,0.0
64,0.9137931034482758,3,-0.0193691650460277,0,0.0
64,0.9137931034482758,4,-0.04177938357810257,0,0.0
64,0.9137931034482758,5,-0.21129772819662374,0,0.0
64,0.9137931034482758,6,0.005459096473726014,64,64.0
64,0.9137931034482758,7,0.005029905038243119,64,64.0
64,0.9137931034482758,8,0.010613928909650619,63,64.0
64,0.9137931034482758,9,-1.1650686796101917,0,0.0
64,0.9137931034482758,10,-0.08869177908156539,0,0.0
64,0.9137931034482758,11,-0.08948507925027883,0,0.0
64,0.9137931034482758,12,-0.5086316527424176,0,0.0
64,0.9137931034482758,13,-1.0188059361000306,0,0.0
64,0.9137931034482758,14,-0.016875164154112485,0,0.0
64,0.9137931034482758,15,-0.11470337352209463,0,0.0
64,0.9137931034482758,16,0.03130379534264824,64,64.0
64,0.9137931034482758,17,-0.2270911474884758,0,0.0
64,0.9137931034482758,18,-1.3923772151660418,0,0.0
64,0.9137931034482758,19,-0.022383254199799547,0,0.0
64,1.0172413793103448,0,-0.35137525018859855,0,0.0
64,1.0172413793103448,1,-0.9533632632160988,0,0.0
64,1.0172413793103448,2,0.09895903022476409,64,64.0
64,1.0172413793103448,3,0.0062504727768075054,1,"tensor(0.2759, dtype=torch.float64)"
64,1.0172413793103448,4,0.03472685366932883,64,64.0
64,1.0172413793103448,5,-0.12852677595095535,0,0.0
64,1.0172413793103448,6,0.004723987810282967,64,64.0
64,1.0172413793103448,7,0.00199365973140984,64,64.0
64,1.0172413793103448,8,-0.018806474383381913,0,0.0
64,1.0172413793103448,9,-1.2341013127078377,0,0.0
64,1.0172413793103448,10,-0.07303528333852112,0,0.0
64,1.0172413793103448,11,0.002395482251202821,64,64.0
64,1.0172413793103448,12,-0.4650287794288713,0,0.0
64,1.0172413793103448,13,-1.0578269766055737,0,0.0
64,1.0172413793103448,14,-0.013501975389749789,0,0.0
64,1.0172413793103448,15,-0.11842663952629207,0,0.0
64,1.0172413793103448,16,0.0035408389589159893,64,64.0
64,1.0172413793103448,17,-0.13260688658663694,0,0.0
64,1.0172413793103448,18,-1.5419860110723478,0,0.0
64,1.0172413793103448,19,-0.038074388498354234,0,0.0
64,1.1206896551724137,0,-0.3770104227186383,0,0.0
64,1.1206896551724137,1,-0.9973180064604935,0,0.0
64,1.1206896551724137,2,0.013849039869704862,64,64.0
64,1.1206896551724137,3,-0.029501044111528568,0,0.0
64,1.1206896551724137,4,0.004003816263280324,64,64.0
64,1.1206896551724137,5,-0.1394709053217952,0,0.0
64,1.1206896551724137,6,0.003347637977787309,64,64.0
64,1.1206896551724137,7,0.001032787946618216,64,64.0
64,1.1206896551724137,8,0.004161609996875082,63,64.0
64,1.1206896551724137,9,-1.3386360963011148,0,0.0
64,1.1206896551724137,10,0.013857309384183867,64,64.0
64,1.1206896551724137,11,0.0005735772142233084,64,64.0
64,1.1206896551724137,12,-0.648438698552135,0,0.0
64,1.1206896551724137,13,-1.081355932978683,0,0.0
64,1.1206896551724137,14,-0.011091902140160533,0,0.0
64,1.1206896551724137,15,-0.11892198588412307,0,0.0
64,1.1206896551724137,16,0.011444649322332499,64,64.0
64,1.1206896551724137,17,-0.12700379352595642,0,0.0
64,1.1206896551724137,18,-1.6964695031855619,0,0.0
64,1.1206896551724137,19,-0.0010639748600261435,0,0.0
64,1.2241379310344827,0,-0.39016592086124396,0,0.0
64,1.2241379310344827,1,-1.0882153943602948,0,0.0
64,1.2241379310344827,2,0.01618866726506855,64,64.0
64,1.2241379310344827,3,-0.04793081297690493,0,0.0
64,1.2241379310344827,4,0.0011695736004896646,64,64.0
64,1.2241379310344827,5,-0.16380799776182753,0,0.0
64,1.2241379310344827,6,0.000701995520426314,64,64.0
64,1.2241379310344827,7,0.0005913224709477605,64,64.0
64,1.2241379310344827,8,-0.03583967416578497,0,0.0
64,1.2241379310344827,9,-1.4731542461694402,0,0.0
64,1.2241379310344827,10,0.010093403270321044,64,64.0
64,1.2241379310344827,11,0.00020669112630086365,64,64.0
64,1.2241379310344827,12,-0.5793435341193263,0,0.0
64,1.2241379310344827,13,-1.0950565926063986,0,0.0
64,1.2241379310344827,14,-0.009375932310956226,0,0.0
64,1.2241379310344827,15,-0.08508921388902722,0,0.0
64,1.2241379310344827,16,0.04457513087012676,64,64.0
64,1.2241379310344827,17,-0.17635886489433628,0,0.0
64,1.2241379310344827,18,-2.0862548918418424,0,0.0
64,1.2241379310344827,19,0.0038481962209702724,64,64.0
64,1.3275862068965516,0,-0.3936827829950403,0,0.0
64,1.3275862068965516,1,-1.1422539119012678,0,0.0
64,1.3275862068965516,2,-0.09077738325759242,0,0.0
64,1.3275862068965516,3,-0.06341931302449608,0,0.0
64,1.3275862068965516,4,0.0008225670630989895,64,64.0
64,1.3275862068965516,5,-0.17620711766381988,0,0.0
64,1.3275862068965516,6,0.003528014776114361,64,64.0
64,1.3275862068965516,7,0.00035044986959544916,64,64.0
64,1.3275862068965516,8,-0.0869192170678262,0,0.0
64,1.3275862068965516,9,-1.4665977202522689,0,0.0
64,1.3275862068965516,10,0.007282049710713886,64,64.0
64,1.3275862068965516,11,8.398705611127285e-05,64,64.0
64,1.3275862068965516,12,-0.4780295595561594,0,0.0
64,1.3275862068965516,13,-1.0869215261741212,0,0.0
64,1.3275862068965516,14,-0.008114889682927477,0,0.0
64,1.3275862068965516,15,-0.08065556708219396,0,0.0
64,1.3275862068965516,16,-0.05816791837050769,0,0.0
64,1.3275862068965516,17,-0.23300947485007975,0,0.0
64,1.3275862068965516,18,-2.4346944516791558,0,0.0
64,1.3275862068965516,19,0.002899295248576614,64,64.0
64,1.4310344827586206,0,-0.3653353493660505,0,0.0
64,1.4310344827586206,1,-1.2044545221517482,0,0.0
64,1.4310344827586206,2,-0.10456524010399215,0,0.0
64,1.4310344827586206,3,0.04651928167145475,64,64.0
64,1.4310344827586206,4,0.00027027933360520813,64,64.0
64,1.4310344827586206,5,-0.13463250966964657,0,0.0
64,1.4310344827586206,6,0.00041062150721881806,64,64.0
64,1.4310344827586206,7,0.0002124404383077903,64,64.0
64,1.4310344827586206,8,-0.054995428049959084,0,0.0
64,1.4310344827586206,9,-1.5466343127437743,0,0.0
64,1.4310344827586206,10,0.007016746213379783,64,64.0
64,1.4310344827586206,11,3.648819920479067e-05,64,64.0
64,1.4310344827586206,12,-0.7020922135629233,0,0.0
64,1.4310344827586206,13,-1.1114779415613214,0,0.0
64,1.4310344827586206,14,-0.007191673756209643,0,0.0
64,1.4310344827586206,15,-0.06790481818793584,0,0.0
64,1.4310344827586206,16,0.008431228235445063,64,64.0
64,1.4310344827586206,17,-0.26330806816119917,0,0.0
64,1.4310344827586206,18,-2.7616613374816876,0,0.0
64,1.4310344827586206,19,0.0019116435497324741,64,64.0
64,1.5344827586206897,0,-0.4077033222143345,0,0.0
64,1.5344827586206897,1,-1.2610530390152581,0,0.0
64,1.5344827586206897,2,0.030098645106308778,64,64.0
64,1.5344827586206897,3,0.023545848259255413,64,64.0
64,1.5344827586206897,4,0.00037707046097620086,64,64.0
64,1.5344827586206897,5,-0.12204639188882324,0,0.0
64,1.5344827586206897,6,0.0001370957334186159,64,64.0
64,1.5344827586206897,7,0.00012974492240037437,64,64.0
64,1.5344827586206897,8,-0.03297405427600165,0,0.0
64,1.5344827586206897,9,-1.6240436396414815,0,0.0
64,1.5344827586206897,10,0.002415376952846591,64,64.0
64,1.5344827586206897,11,1.634063057731876e-05,64,64.0
64,1.5344827586206897,12,-0.7691335224438942,0,0.0
64,1.5344827586206897,13,-1.1473699098980639,0,0.0
64,1.5344827586206897,14,-0.006493684230524659,0,0.0
64,1.5344827586206897,15,-0.0557813043681496,0,0.0
64,1.5344827586206897,16,0.003813843320766765,64,64.0
64,1.5344827586206897,17,-0.2911786247040983,0,0.0
64,1.5344827586206897,18,-3.034633258429914,0,0.0
64,1.5344827586206897,19,0.0011483486824793178,64,64.0
64,1.6379310344827587,0,-0.43557610883077696,0,0.0
64,1.6379310344827587,1,-1.3365967042994806,0,0.0
64,1.6379310344827587,2,-0.1738985242909261,0,0.0
64,1.6379310344827587,3,0.015492842435293872,64,64.0
64,1.6379310344827587,4,5.4151494838344356e-05,64,64.0
64,1.6379310344827587,5,-0.1225623395964931,0,0.0
64,1.6379310344827587,6,5.7214162140532085e-05,64,64.0
64,1.6379310344827587,7,7.907453520849307e-05,64,64.0
64,1.6379310344827587,8,-0.07361356350923755,0,0.0
64,1.6379310344827587,9,-1.6868822283082503,0,0.0
64,1.6379310344827587,10,0.0010050615084210143,64,64.0
64,1.6379310344827587,11,7.389443916562781e-06,64,64.0
64,1.6379310344827587,12,-0.8411482498824617,0,0.0
64,1.6379310344827587,13,-1.1519574717655037,0,0.0
64,1.6379310344827587,14,-0.005948298715790504,0,0.0
64,1.6379310344827587,15,-0.058582325154503734,0,0.0
64,1.6379310344827587,16,0.001998190193587742,64,64.0
64,1.6379310344827587,17,-0.32227547190939193,0,0.0
64,1.6379310344827587,18,-3.2785849487773526,0,0.0
64,1.6379310344827587,19,0.0005627677894134195,64,64.0
64,1.7413793103448276,0,-0.535258966928402,0,0.0
64,1.7413793103448276,1,-1.400260611470533,0,0.0
64,1.7413793103448276,2,-0.0021953174273131744,0,0.0
64,1.7413793103448276,3,0.010927706088660867,64,64.0
64,1.7413793103448276,4,0.0003534229763534838,64,64.0
64,1.7413793103448276,5,-0.09172473042869012,0,0.0
64,1.7413793103448276,6,2.6661235436167365e-05,64,64.0
64,1.7413793103448276,7,4.843726183919835e-05,64,64.0
64,1.7413793103448276,8,0.00751989709062426,63,64.0
64,1.7413793103448276,9,-1.7585966060395708,0,0.0
64,1.7413793103448276,10,0.0003603139583692824,64,64.0
64,1.7413793103448276,11,3.4024433357648093e-06,64,64.0
64,1.7413793103448276,12,-0.9267238115029258,0,0.0
64,1.7413793103448276,13,-1.2131062542070548,0,0.0
64,1.7413793103448276,14,-0.005519768552716143,0,0.0
64,1.7413793103448276,15,-0.04679394232642449,0,0.0
64,1.7413793103448276,16,0.0011535652674088928,64,64.0
64,1.7413793103448276,17,-0.40080943321941753,0,0.0
64,1.7413793103448276,18,-3.515326164999613,0,0.0
64,1.7413793103448276,19,0.00011655816123796913,64,64.0
64,1.8448275862068966,0,-0.5864686190613982,0,0.0
64,1.8448275862068966,1,-1.499894784975942,0,0.0
64,1.8448275862068966,2,0.04320773333027657,64,64.0
64,1.8448275862068966,3,0.008104082338152841,64,64.0
64,1.8448275862068966,4,1.2456809325405134e-05,64,64.0
64,1.8448275862068966,5,-0.09470632881571735,0,0.0
64,1.8448275862068966,6,1.3054580991599246e-05,64,64.0
64,1.8448275862068966,7,2.950331597909449e-05,64,64.0
64,1.8448275862068966,8,0.01697874815508788,64,64.0
64,1.8448275862068966,9,-1.814968106204784,0,0.0
64,1.8448275862068966,10,0.0005394508914887531,64,64.0
64,1.8448275862068966,11,1.5650572033422402e-06,64,64.0
64,1.8448275862068966,12,-0.9460012247621952,0,0.0
64,1.8448275862068966,13,-1.2599767602500638,0,0.0
64,1.8448275862068966,14,-0.005168597513069688,0,0.0
64,1.8448275862068966,15,-0.03310229836785317,0,0.0
64,1.8448275862068966,16,0.000697633470649014,64,64.0
64,1.8448275862068966,17,-0.4144708347518904,0,0.0
64,1.8448275862068966,18,-3.7537672103942317,0,0.0
64,1.8448275862068966,19,-0.0002380081743094488,0,0.0
64,1.9482758620689655,0,-0.6336570525964582,0,0.0
64,1.9482758620689655,1,-1.5811805080334957,0,0.0
64,1.9482758620689655,2,0.02106309577947318,64,64.0
64,1.9482758620689655,3,0.006236936340885247,64,64.0
64,1.9482758620689655,4,1.0621530866570801e-05,64,64.0
64,1.9482758620689655,5,-0.09358714535358667,0,0.0
64,1.9482758620689655,6,6.666929815918108e-06,64,64.0
64,1.9482758620689655,7,1.8030402490585933e-05,64,64.0
64,1.9482758620689655,8,0.024612786409134228,63,64.0
64,1.9482758620689655,9,-1.8933182241445863,0,0.0
64,1.9482758620689655,10,0.00019202848026731955,64,64.0
64,1.9482758620689655,11,7.282742557006468e-07,0,0.0
64,1.9482758620689655,12,-0.9387095482964112,0,0.0
64,1.9482758620689655,13,-1.282462263772347,0,0.0
64,1.9482758620689655,14,-0.004880994314821123,0,0.0
64,1.9482758620689655,15,-0.02584833146152008,0,0.0
64,1.9482758620689655,16,0.00043751007588564445,64,64.0
64,1.9482758620689655,17,-0.4439576036907959,0,0.0
64,1.9482758620689655,18,-3.990725103543921,0,0.0
64,1.9482758620689655,19,-0.0005574213358875202,0,0.0
64,2.0517241379310347,0,-0.7035262440570381,0,0.0
64,2.0517241379310347,1,-1.6691008285379085,0,0.0
64,2.0517241379310347,2,0.014796915385245189,64,64.0
64,2.0517241379310347,3,0.004895241918595763,64,64.0
64,2.0517241379310347,4,5.549719124027886e-06,64,64.0
64,2.0517241379310347,5,-0.0971940291352841,0,0.0
64,2.0517241379310347,6,3.4643478690187104e-06,64,64.0
64,2.0517241379310347,7,1.0947604770055322e-05,64,64.0
64,2.0517241379310347,8,-0.0523272214851641,0,0.0
64,2.0517241379310347,9,-1.992821500321273,0,0.0
64,2.0517241379310347,10,0.00014577214014834834,64,64.0
64,2.0517241379310347,11,3.3728654143241325e-07,0,0.0
64,2.0517241379310347,12,-1.0144052768163463,0,0.0
64,2.0517241379310347,13,-1.3126830562250758,0,0.0
64,2.0517241379310347,14,-0.004637085519309899,0,0.0
64,2.0517241379310347,15,-0.021259112895703917,0,0.0
64,2.0517241379310347,16,0.00027883266884446307,64,64.0
64,2.0517241379310347,17,-0.5203021564379378,0,0.0
64,2.0517241379310347,18,-4.2313223908010205,0,0.0
64,2.0517241379310347,19,-0.0017776154680983671,0,0.0
64,2.155172413793103,0,-0.7493198665700587,0,0.0
64,2.155172413793103,1,-1.7723106403489137,0,0.0
64,2.155172413793103,2,0.01130969186671578,64,64.0
64,2.155172413793103,3,0.003908430419781859,64,64.0
64,2.155172413793103,4,2.802260611222143e-06,64,64.0
64,2.155172413793103,5,-0.10544680500477674,0,0.0
64,2.155172413793103,6,1.8421131430583032e-06,64,64.0
64,2.155172413793103,7,6.667169590175438e-06,64,64.0
64,2.155172413793103,8,-0.02044273206732172,0,0.0
64,2.155172413793103,9,-2.0580822675111756,0,0.0
64,2.155172413793103,10,0.00018249469594772458,64,64.0
64,2.155172413793103,11,1.5764557752255007e-07,0,0.0
64,2.155172413793103,12,-0.9813135113999469,0,0.0
64,2.155172413793103,13,-1.31596329509767,0,0.0
64,2.155172413793103,14,-0.004431282157456369,0,0.0
64,2.155172413793103,15,-0.018289966651911505,0,0.0
64,2.155172413793103,16,0.00018095767240798984,64,64.0
64,2.155172413793103,17,-0.5207254526602225,0,0.0
64,2.155172413793103,18,-4.47120117606891,0,0.0
64,2.155172413793103,19,-0.0011135405228644931,0,0.0
64,2.2586206896551726,0,-0.7427267936756573,0,0.0
64,2.2586206896551726,1,-1.9012384916531964,0,0.0
64,2.2586206896551726,2,0.008904593542627522,64,64.0
64,2.2586206896551726,3,0.0031450380263370924,64,64.0
64,2.2586206896551726,4,1.4280863024616537e-06,64,64.0
64,2.2586206896551726,5,-0.12393971354391518,0,0.0
64,2.2586206896551726,6,9.857555363121272e-07,0,0.0
64,2.2586206896551726,7,4.0335713975523994e-06,64,64.0
64,2.2586206896551726,8,0.014080178923486716,63,64.0
64,2.2586206896551726,9,-2.143905108214749,0,0.0
64,2.2586206896551726,10,4.513081273487576e-05,64,64.0
64,2.2586206896551726,11,7.322856341832254e-08,0,0.0
64,2.2586206896551726,12,-1.1718642824720353,0,0.0
64,2.2586206896551726,13,-1.3433471465342683,0,0.0
64,2.2586206896551726,14,-0.004251214962545669,0,0.0
64,2.2586206896551726,15,-0.016297025170976656,0,0.0
64,2.2586206896551726,16,0.00011807983996000824,64,64.0
64,2.2586206896551726,17,-0.5393996811135296,0,0.0
64,2.2586206896551726,18,-4.7155214348369725,0,0.0
64,2.2586206896551726,19,-0.0009513027772746838,0,0.0
64,2.362068965517241,0,-0.7813337074400613,0,0.0
64,2.362068965517241,1,-1.9788929962324346,0,0.0
64,2.362068965517241,2,0.0070245192772230855,64,64.0
64,2.362068965517241,3,0.0025529914988769546,64,64.0
64,2.362068965517241,4,7.43783050483337e-07,0,0.0
64,2.362068965517241,5,-0.11485955693493295,0,0.0
64,2.362068965517241,6,5.358030079279986e-07,0,0.0
64,2.362068965517241,7,2.447833280713929e-06,64,64.0
64,2.362068965517241,8,0.04297030405242251,64,64.0
64,2.362068965517241,9,-2.2341405533433085,0,0.0
64,2.362068965517241,10,2.8987426435272313e-05,64,64.0
64,2.362068965517241,11,3.429635461241398e-08,0,0.0
64,2.362068965517241,12,-1.3954189451194154,0,0.0
64,2.362068965517241,13,-1.4465672852742884,0,0.0
64,2.362068965517241,14,-0.004092893754597567,0,0.0
64,2.362068965517241,15,-0.01497646984202874,0,0.0
64,2.362068965517241,16,7.788855977453122e-05,64,64.0
64,2.362068965517241,17,-0.5682395996321984,0,0.0
64,2.362068965517241,18,-4.9613915503110455,0,0.0
64,2.362068965517241,19,-0.001026439012671445,0,0.0
64,2.4655172413793105,0,-0.8331787352936364,0,0.0
64,2.4655172413793105,1,-2.0963165327058326,0,0.0
64,2.4655172413793105,2,0.00541203452057074,64,64.0
64,2.4655172413793105,3,0.00207745895590724,64,64.0
64,2.4655172413793105,4,3.894447257085265e-07,0,0.0
64,2.4655172413793105,5,-0.11429461266799675,0,0.0
64,2.4655172413793105,6,2.9184949563421097e-07,0,0.0
64,2.4655172413793105,7,1.4758294217151086e-06,64,64.0
64,2.4655172413793105,8,0.020834189885440384,63,64.0
64,2.4655172413793105,9,-2.269310632474332,0,0.0
64,2.4655172413793105,10,1.734431859029131e-05,64,64.0
64,2.4655172413793105,11,1.5955052115448794e-08,0,0.0
64,2.4655172413793105,12,-1.4366171315982754,0,0.0
64,2.4655172413793105,13,-1.4853284883807172,0,0.0
64,2.4655172413793105,14,-0.003946090253227715,0,0.0
64,2.4655172413793105,15,-0.014085814169382685,0,0.0
64,2.4655172413793105,16,5.141586134078872e-05,64,64.0
64,2.4655172413793105,17,-0.6127716495245153,0,0.0
64,2.4655172413793105,18,-5.222034132355857,0,0.0
64,2.4655172413793105,19,-0.0010750936749879627,0,0.0
64,2.5689655172413794,0,-0.8867757916555595,0,0.0
64,2.5689655172413794,1,-2.168274070531281,0,0.0
64,2.5689655172413794,2,0.004053638495095172,64,64.0
64,2.5689655172413794,3,0.0016987031351596586,64,64.0
64,2.5689655172413794,4,2.393036564752118e-07,0,0.0
64,2.5689655172413794,5,-0.11940439986856671,0,0.0
64,2.5689655172413794,6,1.610579245565953e-07,0,0.0
64,2.5689655172413794,7,8.927187895956833e-07,0,0.0
64,2.5689655172413794,8,0.033594687296518676,64,64.0
64,2.5689655172413794,9,-2.492456959354361,0,0.0
64,2.5689655172413794,10,0.00032325605567655946,64,64.0
64,2.5689655172413794,11,7.5585109581121e-09,0,0.0
64,2.5689655172413794,12,-1.4806649113587307,0,0.0
64,2.5689655172413794,13,-1.5723535448875254,0,0.0
64,2.5689655172413794,14,-0.0038076293294570817,0,0.0
64,2.5689655172413794,15,-0.013504117218875962,0,0.0
64,2.5689655172413794,16,3.4190817335699585e-05,64,64.0
64,2.5689655172413794,17,-0.6056056407725429,0,0.0
64,2.5689655172413794,18,-5.441859770735398,0,0.0
64,2.5689655172413794,19,-0.0010984547771651437,0,0.0
64,2.6724137931034484,0,-0.9417423067271707,0,0.0
64,2.6724137931034484,1,-2.2793166313178084,0,0.0
64,2.6724137931034484,2,0.0029396619219071514,64,64.0
64,2.6724137931034484,3,0.0013914394603604234,64,64.0
64,2.6724137931034484,4,6.328613506042847e-07,0,0.0
64,2.6724137931034484,5,-0.1337998234131686,0,0.0
64,2.6724137931034484,6,8.953001392236742e-08,0,0.0
64,2.6724137931034484,7,5.391930618037629e-07,0,0.0
64,2.6724137931034484,8,-0.10453393973726677,0,0.0
64,2.6724137931034484,9,-2.598598180020364,0,0.0
64,2.6724137931034484,10,2.4846476088738246e-05,64,64.0
64,2.6724137931034484,11,3.5090964232504364e-09,0,0.0
64,2.6724137931034484,12,-1.574470410967097,0,0.0
64,2.6724137931034484,13,-1.5557795015783078,0,0.0
64,2.6724137931034484,14,-0.0036724760347261504,0,0.0
64,2.6724137931034484,15,-0.013130565073645212,0,0.0
64,2.6724137931034484,16,2.27893742553035e-05,64,64.0
64,2.6724137931034484,17,-0.6155728219361555,0,0.0
64,2.6724137931034484,18,-5.676426744778701,0,0.0
64,2.6724137931034484,19,-0.001104820801074592,0,0.0
64,2.7758620689655173,0,-1.002299477293403,0,0.0
64,2.7758620689655173,1,-2.4209405781534077,0,0.0
64,2.7758620689655173,2,0.00206320506055029,64,64.0
64,2.7758620689655173,3,0.0011386959275178968,64,64.0
64,2.7758620689655173,4,6.060650714479458e-08,0,0.0
64,2.7758620689655173,5,-0.12370500415699859,0,0.0
64,2.7758620689655173,6,4.990615415711447e-08,0,0.0
64,2.7758620689655173,7,3.2361346439144213e-07,0,0.0
64,2.7758620689655173,8,0.025457888925234883,64,64.0
64,2.7758620689655173,9,-2.6215816478107423,0,0.0
64,2.7758620689655173,10,9.167953135588442e-06,64,64.0
64,2.7758620689655173,11,1.634620902935367e-09,0,0.0
64,2.7758620689655173,12,-1.6225898869623092,0,0.0
64,2.7758620689655173,13,-1.531572313162263,0,0.0
64,2.7758620689655173,14,-0.0035386943291254545,0,0.0
64,2.7758620689655173,15,-0.01290252319431541,0,0.0
64,2.7758620689655173,16,1.5154621729728177e-05,64,64.0
64,2.7758620689655173,17,-0.6269308694745286,0,0.0
64,2.7758620689655173,18,-5.91745865563404,0,0.0
64,2.7758620689655173,19,-0.0010971051686976547,0,0.0
64,2.8793103448275863,0,-1.0754647091627325,0,0.0
64,2.8793103448275863,1,-2.4931420041381536,0,0.0
64,2.8793103448275863,2,0.0014190861238472339,64,64.0
64,2.8793103448275863,3,0.0009340989379866577,64,64.0
64,2.8793103448275863,4,3.00980952460964e-08,0,0.0
64,2.8793103448275863,5,-0.11841405745953912,0,0.0
64,2.8793103448275863,6,2.827521168027561e-08,0,0.0
64,2.8793103448275863,7,1.9492246232438777e-07,0,0.0
64,2.8793103448275863,8,0.011473285182678426,64,64.0
64,2.8793103448275863,9,-2.6662095691091316,0,0.0
64,2.8793103448275863,10,5.311587983506699e-06,64,64.0
64,2.8793103448275863,11,1.2909593489684048e-07,0,0.0
64,2.8793103448275863,12,-1.68742837958482,0,0.0
64,2.8793103448275863,13,-1.6574919548526164,0,0.0
64,2.8793103448275863,14,-0.0034100235064707975,0,0.0
64,2.8793103448275863,15,-0.012782202941883437,0,0.0
64,2.8793103448275863,16,1.0127857575440909e-05,64,64.0
64,2.8793103448275863,17,-0.6380969063374587,0,0.0
64,2.8793103448275863,18,-6.1630072886194505,0,0.0
64,2.8793103448275863,19,-0.0010787746276578198,0,0.0
64,2.9827586206896552,0,-1.108467056201508,0,0.0
64,2.9827586206896552,1,-2.5851798459378923,0,0.0
64,2.9827586206896552,2,0.0009558506453859599,64,64.0
64,2.9827586206896552,3,0.0007648762274579681,64,64.0
64,2.9827586206896552,4,1.6344903842568773e-08,0,0.0
64,2.9827586206896552,5,-0.11668312703391466,0,0.0
64,2.9827586206896552,6,1.6168330789758292e-08,0,0.0
64,2.9827586206896552,7,1.1668340040239957e-07,0,0.0
64,2.9827586206896552,8,-0.07663483524698533,0,0.0
64,2.9827586206896552,9,-2.8567576367307703,0,0.0
64,2.9827586206896552,10,4.05282946954502e-06,64,64.0
64,2.9827586206896552,11,2.1373635108618857e-07,0,0.0
64,2.9827586206896552,12,-1.584684159799114,0,0.0
64,2.9827586206896552,13,-1.7341470046131957,0,0.0
64,2.9827586206896552,14,-0.003285301445403628,0,0.0
64,2.9827586206896552,15,-0.012737517127124832,0,0.0
64,2.9827586206896552,16,6.746392241912462e-06,64,64.0
64,2.9827586206896552,17,-0.6467472324317176,0,0.0
64,2.9827586206896552,18,-6.400257171687957,0,0.0
64,2.9827586206896552,19,-0.0010524338377296174,0,0.0
64,3.086206896551724,0,-1.0547480608814355,0,0.0
64,3.086206896551724,1,-2.670213525530239,0,0.0
64,3.086206896551724,2,0.0006392102911792417,64,64.0
64,3.086206896551724,3,0.0006274341740236335,64,64.0
64,3.086206896551724,4,8.9602945413187e-09,0,0.0
64,3.086206896551724,5,-0.11681143724137777,0,0.0
64,3.086206896551724,6,9.492066107216394e-09,0,0.0
64,3.086206896551724,7,7.011108875589743e-08,0,0.0
64,3.086206896551724,8,-0.03391533590668067,0,0.0
64,3.086206896551724,9,-3.0250775025117465,0,0.0
64,3.086206896551724,10,5.6108830874906685e-06,64,64.0
64,3.086206896551724,11,5.287897342326965e-09,0,0.0
64,3.086206896551724,12,-1.9147102414631376,0,0.0
64,3.086206896551724,13,-1.802572729392821,0,0.0
64,3.086206896551724,14,-0.0031675587011489948,0,0.0
64,3.086206896551724,15,-0.01274860872204797,0,0.0
64,3.086206896551724,16,4.513041480692582e-06,64,64.0
64,3.086206896551724,17,-0.6765478416321173,0,0.0
64,3.086206896551724,18,-6.625540810266573,0,0.0
64,3.086206896551724,19,-0.0010211832151868624,0,0.0
64,3.189655172413793,0,-1.0833486455162349,0,0.0
64,3.189655172413793,1,-2.751976537446102,0,0.0
64,3.189655172413793,2,0.00042330169125357197,64,64.0
64,3.189655172413793,3,0.00051355269538742,64,64.0
64,3.189655172413793,4,4.883815242793907e-09,0,0.0
64,3.189655172413793,5,-0.11892820959953657,0,0.0
64,3.189655172413793,6,5.7196404774933706e-09,0,0.0
64,3.189655172413793,7,4.1872517255678644e-08,0,0.0
64,3.189655172413793,8,-0.05722592646636864,0,0.0
64,3.189655172413793,9,-3.1475186570796816,0,0.0
64,3.189655172413793,10,0.00011730727547020053,64,64.0
64,3.189655172413793,11,5.855431800820764e-10,0,0.0
64,3.189655172413793,12,-1.825418987918813,0,0.0
64,3.189655172413793,13,-1.8502053418041176,0,0.0
64,3.189655172413793,14,-0.003054496214316342,0,0.0
64,3.189655172413793,15,-0.012800732627206872,0,0.0
64,3.189655172413793,16,3.0076059077651885e-06,64,64.0
64,3.189655172413793,17,-0.6771950013946727,0,0.0
64,3.189655172413793,18,-6.859896690123739,0,0.0
64,3.189655172413793,19,-0.0009867960597525756,0,0.0
64,3.293103448275862,0,-1.2664809370568082,0,0.0
64,3.293103448275862,1,-2.8408038902660557,0,0.0
64,3.293103448275862,2,0.0002809383522347302,64,64.0
64,3.293103448275862,3,0.00042099113009600516,64,64.0
64,3.293103448275862,4,2.6772509393835243e-09,0,0.0
64,3.293103448275862,5,-0.15634153548831603,0,0.0
64,3.293103448275862,6,3.6270091752174236e-09,0,0.0
64,3.293103448275862,7,2.5105561717747508e-08,0,0.0
64,3.293103448275862,8,-0.06647345016434163,0,0.0
64,3.293103448275862,9,-3.287977789930315,0,0.0
64,3.293103448275862,10,6.263252525478811e-07,0,0.0
64,3.293103448275862,11,1.4000330274102646e-10,0,0.0
64,3.293103448275862,12,-2.0883538744110504,0,0.0
64,3.293103448275862,13,-1.9652856956752613,0,0.0
64,3.293103448275862,14,-0.002947923778703617,0,0.0
64,3.293103448275862,15,-0.012882271241811299,0,0.0
64,3.293103448275862,16,2.012074838167226e-06,64,64.0
64,3.293103448275862,17,-0.7899937621952101,0,0.0
64,3.293103448275862,18,-7.094907394510163,0,0.0
64,3.293103448275862,19,-0.0009521204321508486,0,0.0
64,3.396551724137931,0,-1.1884231166135255,0,0.0
64,3.396551724137931,1,-2.9342477198447123,0,0.0
64,3.396551724137931,2,0.00018594757306291572,64,64.0
64,3.396551724137931,3,0.00034429542482976327,64,64.0
64,3.396551724137931,4,1.4588818903119587e-09,0,0.0
64,3.396551724137931,5,-0.1855196529895917,0,0.0
64,3.396551724137931,6,2.4562756853882333e-09,0,0.0
64,3.396551724137931,7,1.4963091298403354e-08,0,0.0
64,3.396551724137931,8,-0.08470932085977814,0,0.0
64,3.396551724137931,9,-3.3870528559864157,0,0.0
64,3.396551724137931,10,4.123411946976378e-07,0,0.0
64,3.396551724137931,11,5.041636766282099e-11,0,0.0
64,3.396551724137931,12,-2.209251735849226,0,0.0
64,3.396551724137931,13,-2.022104066628657,0,0.0
64,3.396551724137931,14,-0.002845273265317346,0,0.0
64,3.396551724137931,15,-0.012987030575067083,0,0.0
64,3.396551724137931,16,1.3405866322178756e-06,64,64.0
64,3.396551724137931,17,-0.7857044795329157,0,0.0
64,3.396551724137931,18,-7.334278859675794,0,0.0
64,3.396551724137931,19,-0.0009186169989566824,0,0.0
64,3.5,0,-1.3059990947442162,0,0.0
64,3.5,1,-3.0296230685170906,0,0.0
64,3.5,2,0.00012398172787724847,64,64.0
64,3.5,3,0.00028198605784737714,64,64.0
64,3.5,4,7.994874320247797e-10,0,0.0
64,3.5,5,-0.1788772193202513,0,0.0
64,3.5,6,1.8536522347239045e-09,0,0.0
64,3.5,7,8.954272463478705e-09,0,0.0
64,3.5,8,-0.13514582010149975,0,0.0
64,3.5,9,-3.47967152229555,0,0.0
64,3.5,10,2.7377972314360343e-07,0,0.0
64,3.5,11,2.5741613261694455e-11,0,0.0
64,3.5,12,-2.326707445459887,0,0.0
64,3.5,13,-2.0909539596474387,0,0.0
64,3.5,14,-0.0027480369554612766,0,0.0
64,3.5,15,-0.013107419437508505,0,0.0
64,3.5,16,8.964514084511235e-07,0,0.0
64,3.5,17,-0.7762443629239393,0,0.0
64,3.5,18,-7.573068704223036,0,0.0
64,3.5,19,-0.0008890520237235081,0,0.0
128,0.5,0,-0.10620252665582385,0,0.0
128,0.5,1,-0.5417918459877897,0,0.0
128,0.5,2,0.019822849275424128,128,128.0
128,0.5,3,-0.050569738720509794,0,0.0
128,0.5,4,-0.0944536186901827,0,0.0
128,0.5,5,-0.08531960819989616,0,0.0
128,0.5,6,0.10957166326697601,128,128.0
128,0.5,7,-7.2700349330380565,0,0.0
128,0.5,8,0.14441783797924787,127,128.0
128,0.5,9,-1.1176314903625317,0,0.0
128,0.5,10,0.039271194125277374,128,128.0
128,0.5,11,0.003878010749264496,128,128.0
128,0.5,12,-0.5145940942650078,0,0.0
128,0.5,13,-0.5928982441682653,0,0.0
128,0.5,14,-0.027912697541659627,0,0.0
128,0.5,15,-0.01265611042466545,0,0.0
128,0.5,16,0.029436288713075093,127,128.0
128,0.5,17,-0.4356935944749094,0,0.0
128,0.5,18,-1.0366323260190424,0,0.0
128,0.5,19,0.027028936867556676,128,128.0
128,0.603448275862069,0,0.003499003732793693,127,128.0
128,0.603448275862069,1,-0.5978107053195598,0,0.0
128,0.603448275862069,2,0.002520156314331305,128,128.0
128,0.603448275862069,3,-0.02116884524356663,0,0.0
128,0.603448275862069,4,0.019053107145434303,128,128.0
128,0.603448275862069,5,0.011665765373723687,128,128.0
128,0.603448275862069,6,0.017890067886398235,128,128.0
128,0.603448275862069,7,0.0034770017239152753,128,128.0
128,0.603448275862069,8,0.11686598029094837,128,128.0
128,0.603448275862069,9,-1.0024430823335768,0,0.0
128,0.603448275862069,10,0.02492777994833517,128,128.0
128,0.603448275862069,11,0.0035961644569010493,128,128.0
128,0.603448275862069,12,-0.30126328211796016,0,0.0
128,0.603448275862069,13,-0.6721042984790069,0,0.0
128,0.603448275862069,14,-0.01873543138151041,0,0.0
128,0.603448275862069,15,-0.006940479370589009,0,0.0
128,0.603448275862069,16,0.013942275248461054,128,128.0
128,0.603448275862069,17,-0.17676975493063093,0,0.0
128,0.603448275862069,18,-1.227928352647602,0,0.0
128,0.603448275862069,19,0.021639611384394793,128,128.0
128,0.7068965517241379,0,-0.05805588412132845,0,0.0
128,0.7068965517241379,1,-0.6267127904769446,0,0.0
128,0.7068965517241379,2,0.0003054787112414054,128,128.0
128,0.7068965517241379,3,0.014729622240736482,128,128.0
128,0.7068965517241379,4,0.03297628971651487,128,128.0
128,0.7068965517241379,5,-0.02683555062077058,0,0.0
128,0.7068965517241379,6,0.005749078908597193,128,128.0
128,0.7068965517241379,7,0.00030102020916856863,128,128.0
128,0.7068965517241379,8,-0.004490235787206413,0,0.0
128,0.7068965517241379,9,-0.8335892667294573,0,0.0
128,0.7068965517241379,10,0.01627804930776259,128,128.0
128,0.7068965517241379,11,0.0003305347102147327,128,128.0
128,0.7068965517241379,12,-0.45701271865870124,0,0.0
128,0.7068965517241379,13,-0.7161131284385991,0,0.0
128,0.7068965517241379,14,-0.013758176614253282,0,0.0
128,0.7068965517241379,15,-0.00443525606103035,0,0.0
128,0.7068965517241379,16,-0.0234208141177703,0,0.0
128,0.7068965517241379,17,-0.002315526283532926,0,0.0
128,0.7068965517241379,18,-1.036658318983737,0,0.0
128,0.7068965517241379,19,0.024320692948924947,128,128.0
128,0.8103448275862069,0,-0.0034768757086239706,0,0.0
128,0.8103448275862069,1,-0.6415481426041509,0,0.0
128,0.8103448275862069,2,7.228907161450846e-05,128,128.0
128,0.8103448275862069,3,0.0038832070954312554,128,128.0
128,0.8103448275862069,4,0.0052908956172556055,128,128.0
128,0.8103448275862069,5,-0.07692589924514565,0,0.0
128,0.8103448275862069,6,0.0012312595745919792,128,128.0
128,0.8103448275862069,7,5.961157739072956e-05,128,128.0
128,0.8103448275862069,8,0.051122671770226676,128,128.0
128,0.8103448275862069,9,-0.7996145911252031,0,0.0
128,0.8103448275862069,10,0.001465947739620816,128,128.0
128,0.8103448275862069,11,0.000604867556588039,128,128.0
128,0.8103448275862069,12,-0.29932012683301695,0,0.0
128,0.8103448275862069,13,-0.8741902804748868,0,0.0
128,0.8103448275862069,14,-0.010667262571222651,0,0.0
128,0.8103448275862069,15,-0.003030180037738268,0,0.0
128,0.8103448275862069,16,-0.001267095030519847,0,0.0
128,0.8103448275862069,17,-0.020718373438346097,0,0.0
128,0.8103448275862069,18,-0.6943206925166557,0,0.0
128,0.8103448275862069,19,0.015210134285225002,128,128.0
128,0.9137931034482758,0,-0.0922099126858774,0,0.0
128,0.9137931034482758,1,-0.67971865546885,0,0.0
128,0.9137931034482758,2,1.898824725440843e-05,128,128.0
128,0.9137931034482758,3,0.01449059345289427,128,128.0
128,0.9137931034482758,4,0.001655244962147506,128,128.0
128,0.9137931034482758,5,-0.009493229240595633,0,0.0
128,0.9137931034482758,6,0.0004894444931249427,128,128.0
128,0.9137931034482758,7,1.3822384713609792e-05,128,128.0
128,0.9137931034482758,8,-0.018784471049726633,0,0.0
128,0.9137931034482758,9,-0.8937760829781489,0,0.0
128,0.9137931034482758,10,0.00024025728758466503,128,128.0
128,0.9137931034482758,11,0.0022777602416648095,128,128.0
128,0.9137931034482758,12,-0.20508157825286244,0,0.0
128,0.9137931034482758,13,-0.9446424159880094,0,0.0
128,0.9137931034482758,14,-0.00839863608805119,0,0.0
128,0.9137931034482758,15,-0.001963654737056262,0,0.0
128,0.9137931034482758,16,0.0021260173143494597,128,128.0
128,0.9137931034482758,17,-0.09763683624867678,0,0.0
128,0.9137931034482758,18,-0.7805682595204837,0,0.0
128,0.9137931034482758,19,0.0038700549951362134,128,128.0
128,1.0172413793103448,0,-0.04718356503436921,0,0.0
128,1.0172413793103448,1,-0.7037246173588372,0,0.0
128,1.0172413793103448,2,5.2392128260414185e-06,128,128.0
128,1.0172413793103448,3,0.010157848777228433,128,128.0
128,1.0172413793103448,4,0.0007609229453234931,128,128.0
128,1.0172413793103448,5,-0.0396846505153278,0,0.0
128,1.0172413793103448,6,0.000489355440075774,128,128.0
128,1.0172413793103448,7,3.5444284959594486e-06,128,128.0
128,1.0172413793103448,8,0.037225521472250896,128,128.0
128,1.0172413793103448,9,-0.9946940476638458,0,0.0
128,1.0172413793103448,10,5.736910515590323e-05,128,128.0
128,1.0172413793103448,11,0.00024214052605507134,128,128.0
128,1.0172413793103448,12,-0.1654289019201567,0,0.0
128,1.0172413793103448,13,-0.9717251932789186,0,0.0
128,1.0172413793103448,14,-0.006695570983797954,0,0.0
128,1.0172413793103448,15,-0.0012379253204028125,0,0.0
128,1.0172413793103448,16,0.0004957479715865232,128,128.0
128,1.0172413793103448,17,-0.0657167522297694,0,0.0
128,1.0172413793103448,18,-0.8113689639108533,0,0.0
128,1.0172413793103448,19,0.014141553941784613,128,128.0
128,1.1206896551724137,0,-0.03620256124319279,0,0.0
128,1.1206896551724137,1,-0.7150567151273997,0,0.0
128,1.1206896551724137,2,1.4485600192739287e-06,128,128.0
128,1.1206896551724137,3,0.005274591476932056,128,128.0
128,1.1206896551724137,4,0.00038340058289481574,128,128.0
128,1.1206896551724137,5,-0.06291274691732086,0,0.0
128,1.1206896551724137,6,9.60682804781326e-05,128,128.0
128,1.1206896551724137,7,9.48718502015378e-07,0,0.0
128,1.1206896551724137,8,0.010570792626441892,128,128.0
128,1.1206896551724137,9,-1.2455248820445202,0,0.0
128,1.1206896551724137,10,1.8328115460533253e-05,128,128.0
128,1.1206896551724137,11,1.4512878039737363e-05,128,128.0
128,1.1206896551724137,12,-0.3262139747494749,0,0.0
128,1.1206896551724137,13,-0.9853342792657125,0,0.0
128,1.1206896551724137,14,-0.0054357603983196156,0,0.0
128,1.1206896551724137,15,-0.000797243083892042,0,0.0
128,1.1206896551724137,16,0.00015725074094314506,128,128.0
128,1.1206896551724137,17,-0.01999819647630751,0,0.0
128,1.1206896551724137,18,-0.8593461217421546,0,0.0
128,1.1206896551724137,19,0.013175501373707526,128,128.0
128,1.2241379310344827,0,-0.07809430926150344,0,0.0
128,1.2241379310344827,1,-0.7527599979129748,0,0.0
128,1.2241379310344827,2,4.083428382999609e-07,0,0.0
128,1.2241379310344827,3,0.004504123307714179,128,128.0
128,1.2241379310344827,4,0.0002020083237036588,128,128.0
128,1.2241379310344827,5,-0.08039864144962186,0,0.0
128,1.2241379310344827,6,3.744661816836641e-05,128,128.0
128,1.2241379310344827,7,2.6629560678448607e-07,0,0.0
128,1.2241379310344827,8,0.006211307825783738,128,128.0
128,1.2241379310344827,9,-1.3822180369114785,0,0.0
128,1.2241379310344827,10,6.1194935868950104e-06,128,128.0
128,1.2241379310344827,11,1.9167443838968562e-06,128,128.0
128,1.2241379310344827,12,-0.28999768761483086,0,0.0
128,1.2241379310344827,13,-0.9830072121273624,0,0.0
128,1.2241379310344827,14,-0.004546609821353427,0,0.0
128,1.2241379310344827,15,-0.0005373099945297274,0,0.0
128,1.2241379310344827,16,5.760065701056649e-05,128,128.0
128,1.2241379310344827,17,-0.010887991803342613,0,0.0
128,1.2241379310344827,18,-0.9011002898416952,0,0.0
128,1.2241379310344827,19,0.0014524713417354345,128,128.0
128,1.3275862068965516,0,-0.15364139989407105,0,0.0
128,1.3275862068965516,1,-0.7563167122528135,0,0.0
128,1.3275862068965516,2,1.1417066221948695e-07,0,0.0
128,1.3275862068965516,3,0.005970766153784589,128,128.0
128,1.3275862068965516,4,0.00010758388353961543,128,128.0
128,1.3275862068965516,5,-0.04216741159415438,0,0.0
128,1.3275862068965516,6,4.4233231956905616e-05,128,128.0
128,1.3275862068965516,7,7.518825583228311e-08,0,0.0
128,1.3275862068965516,8,0.0074846957655959855,128,128.0
128,1.3275862068965516,9,-1.452834617419437,0,0.0
128,1.3275862068965516,10,2.0474360947714835e-06,128,128.0
128,1.3275862068965516,11,3.159941582263185e-07,0,0.0
128,1.3275862068965516,12,-0.2514719766506892,0,0.0
128,1.3275862068965516,13,-0.9646223831644564,0,0.0
128,1.3275862068965516,14,-0.0039038305123406214,0,0.0
128,1.3275862068965516,15,-0.0003723492655245555,0,0.0
128,1.3275862068965516,16,2.2518963378732223e-05,128,128.0
128,1.3275862068965516,17,0.01538502267462243,128,128.0
128,1.3275862068965516,18,-0.8169494036256664,0,0.0
128,1.3275862068965516,19,0.0006122664370118397,128,128.0
128,1.4310344827586206,0,-0.043533213586324296,0,0.0
128,1.4310344827586206,1,-0.7600146842074653,0,0.0
128,1.4310344827586206,2,3.240063439578826e-08,0,0.0
128,1.4310344827586206,3,-0.23038749887611762,0,0.0
128,1.4310344827586206,4,5.8100817538419235e-05,128,128.0
128,1.4310344827586206,5,0.005574311303716103,128,128.0
128,1.4310344827586206,6,7.649818635523789e-06,128,128.0
128,1.4310344827586206,7,2.1569503510175843e-08,0,0.0
128,1.4310344827586206,8,0.004252068201753975,128,128.0
128,1.4310344827586206,9,-1.5672500262121125,0,0.0
128,1.4310344827586206,10,6.946535203078821e-07,0,0.0
128,1.4310344827586206,11,6.208893216031897e-08,0,0.0
128,1.4310344827586206,12,-0.2749080167473333,0,0.0
128,1.4310344827586206,13,-0.9603425496692094,0,0.0
128,1.4310344827586206,14,-0.0034352625858479198,0,0.0
128,1.4310344827586206,15,-0.00026460640485439965,0,0.0
128,1.4310344827586206,16,9.312602187802766e-06,128,128.0
128,1.4310344827586206,17,0.005763799396985909,128,128.0
128,1.4310344827586206,18,-0.6053072243921352,0,0.0
128,1.4310344827586206,19,0.0003021302663796577,128,128.0
128,1.5344827586206897,0,-0.19126992404881688,0,0.0
128,1.5344827586206897,1,-0.8010393016694668,0,0.0
128,1.5344827586206897,2,9.211672623884863e-09,0,0.0
128,1.5344827586206897,3,0.0032275568029192354,128,128.0
128,1.5344827586206897,4,3.1495396911137226e-05,128,128.0
128,1.5344827586206897,5,0.024663092175362326,128,128.0
128,1.5344827586206897,6,3.4490240837688282e-06,128,128.0
128,1.5344827586206897,7,6.12806931662847e-09,0,0.0
128,1.5344827586206897,8,0.004931198474606099,128,128.0
128,1.5344827586206897,9,-1.5863312469026627,0,0.0
128,1.5344827586206897,10,2.3519425962786401e-07,0,0.0
128,1.5344827586206897,11,1.3719643289946733e-08,0,0.0
128,1.5344827586206897,12,-0.4101437236851584,0,0.0
128,1.5344827586206897,13,-1.0105459707934723,0,0.0
128,1.5344827586206897,14,-0.0030762253669501783,0,0.0
128,1.5344827586206897,15,-0.00019081885673292312,0,0.0
128,1.5344827586206897,16,3.974934750060557e-06,128,128.0
128,1.5344827586206897,17,-0.21888115306637562,0,0.0
128,1.5344827586206897,18,-0.1234382252588064,0,0.0
128,1.5344827586206897,19,0.00015980732765722157,128,128.0
128,1.6379310344827587,0,-0.2465027778388083,0,0.0
128,1.6379310344827587,1,-0.8804074560274832,0,0.0
128,1.6379310344827587,2,2.590470613583326e-09,0,0.0
128,1.6379310344827587,3,0.0014900562001128733,128,128.0
128,1.6379310344827587,4,1.7001486157001902e-05,128,128.0
128,1.6379310344827587,5,-0.009500826104567294,0,0.0
128,1.6379310344827587,6,1.5488320299336547e-06,128,128.0
128,1.6379310344827587,7,1.6773145240475152e-09,0,0.0
128,1.6379310344827587,8,0.0027803329584892905,128,128.0
128,1.6379310344827587,9,-1.6849771967836435,0,0.0
128,1.6379310344827587,10,7.833538742262493e-08,0,0.0
128,1.6379310344827587,11,3.2603214809961258e-09,0,0.0
128,1.6379310344827587,12,-0.3861377504179759,0,0.0
128,1.6379310344827587,13,-1.0526962381847826,0,0.0
128,1.6379310344827587,14,-0.002787154641602063,0,0.0
128,1.6379310344827587,15,-0.00013854884991620534,0,0.0
128,1.6379310344827587,16,1.72034892838593e-06,128,128.0
128,1.6379310344827587,17,-0.10511580109274431,0,0.0
128,1.6379310344827587,18,-0.12464801529355982,0,0.0
128,1.6379310344827587,19,8.738052055256337e-05,128,128.0
128,1.7413793103448276,0,-0.30721445624372873,0,0.0
128,1.7413793103448276,1,-0.9652634627640068,0,0.0
128,1.7413793103448276,2,7.380744267229642e-10,0,0.0
128,1.7413793103448276,3,0.0005682993356926388,128,128.0
128,1.7413793103448276,4,9.238007098440712e-06,128,128.0
128,1.7413793103448276,5,0.020504059930988385,128,128.0
128,1.7413793103448276,6,6.994644897093012e-07,0,0.0
128,1.7413793103448276,7,4.438545116573053e-10,0,0.0
128,1.7413793103448276,8,0.0016678251826107232,128,128.0
128,1.7413793103448276,9,-1.731779052205345,0,0.0
128,1.7413793103448276,10,2.6124391318130426e-08,0,0.0
128,1.7413793103448276,11,8.357217836996991e-10,0,0.0
128,1.7413793103448276,12,-0.39277750259425004,0,0.0
128,1.7413793103448276,13,-1.1206480635413938,0,0.0
128,1.7413793103448276,14,-0.002550039099719255,0,0.0
128,1.7413793103448276,15,-0.00010156809812205787,0,0.0
128,1.7413793103448276,16,7.620665532652792e-07,0,0.0
128,1.7413793103448276,17,0.05813222269445595,128,128.0
128,1.7413793103448276,18,-0.12940373745009404,0,0.0
128,1.7413793103448276,19,4.920452863709663e-05,128,128.0
128,1.8448275862068966,0,-0.18104996862609674,0,0.0
128,1.8448275862068966,1,-1.008618110857197,0,0.0
128,1.8448275862068966,2,2.0786766915243423e-10,0,0.0
128,1.8448275862068966,3,0.016447206439312273,128,128.0
128,1.8448275862068966,4,4.990083419661657e-06,128,128.0
128,1.8448275862068966,5,0.0254244154419361,128,128.0
128,1.8448275862068966,6,3.1275359565914035e-07,0,0.0
128,1.8448275862068966,7,1.063107374482903e-10,0,0.0
128,1.8448275862068966,8,0.0010635042540134052,128,128.0
128,1.8448275862068966,9,-1.865837054988749,0,0.0
128,1.8448275862068966,10,8.503439185078318e-09,0,0.0
128,1.8448275862068966,11,2.2092140961829052e-10,0,0.0
128,1.8448275862068966,12,-0.4906458703947059,0,0.0
128,1.8448275862068966,13,-1.1558520344614964,0,0.0
128,1.8448275862068966,14,-0.0023452352077153187,0,0.0
128,1.8448275862068966,15,-7.451999332603974e-05,0,0.0
128,1.8448275862068966,16,3.384426588993575e-07,0,0.0
128,1.8448275862068966,17,-0.0197869321494391,0,0.0
128,1.8448275862068966,18,-0.13716130503159643,0,0.0
128,1.8448275862068966,19,2.7970087535548293e-05,128,128.0
128,1.9482758620689655,0,-0.15771239447997457,0,0.0
128,1.9482758620689655,1,-1.0868286270472156,0,0.0
128,1.9482758620689655,2,5.928146413156973e-11,0,0.0
128,1.9482758620689655,3,0.007136458713816149,128,128.0
128,1.9482758620689655,4,2.710568398835252e-06,128,128.0
128,1.9482758620689655,5,0.008878346871049719,128,128.0
128,1.9482758620689655,6,1.4061403421355448e-07,0,0.0
128,1.9482758620689655,7,2.1398419680435056e-11,0,0.0
128,1.9482758620689655,8,0.0007118220343317376,128,128.0
128,1.9482758620689655,9,-2.0560040722543285,0,0.0
128,1.9482758620689655,10,2.7443228863225876e-09,0,0.0
128,1.9482758620689655,11,6.099033376748024e-11,0,0.0
128,1.9482758620689655,12,-0.5516944872802382,0,0.0
128,1.9482758620689655,13,-1.2144844307173563,0,0.0
128,1.9482758620689655,14,-0.0021672656267292183,0,0.0
128,1.9482758620689655,15,-5.490366155150987e-05,0,0.0
128,1.9482758620689655,16,1.5253031563535683e-07,0,0.0
128,1.9482758620689655,17,0.019577920600256732,128,128.0
128,1.9482758620689655,18,-0.11737941589450353,0,0.0
128,1.9482758620689655,19,1.613915824760299e-05,128,128.0
128,2.0517241379310347,0,-0.13845310948713632,0,0.0
128,2.0517241379310347,1,-1.1178680583375074,0,0.0
128,2.0517241379310347,2,1.670460214179598e-11,0,0.0
128,2.0517241379310347,3,0.00263142815721444,128,128.0
128,2.0517241379310347,4,1.4628147466898674e-06,128,128.0
128,2.0517241379310347,5,0.009578195941145442,128,128.0
128,2.0517241379310347,6,6.2593523715204e-08,0,0.0
128,2.0517241379310347,7,2.048200497876494e-12,0,0.0
128,2.0517241379310347,8,0.000488594814705924,128,128.0
128,2.0517241379310347,9,-2.145414220028798,0,0.0
128,2.0517241379310347,10,8.511867013593971e-10,0,0.0
128,2.0517241379310347,11,1.6993251240099073e-11,0,0.0
128,2.0517241379310347,12,-0.5335855114037661,0,0.0
128,2.0517241379310347,13,-1.2711878052616217,0,0.0
128,2.0517241379310347,14,-0.002006550358781914,0,0.0
128,2.0517241379310347,15,-4.0231465807188646e-05,0,0.0
128,2.0517241379310347,16,6.850671371531288e-08,0,0.0
128,2.0517241379310347,17,0.011922489341074585,128,128.0
128,2.0517241379310347,18,-0.11296831842914834,0,0.0
128,2.0517241379310347,19,9.319934992830906e-06,128,128.0
128,2.155172413793103,0,-0.06506166071953433,0,0.0
128,2.155172413793103,1,-1.1744527471124078,0,0.0
128,2.155172413793103,2,4.7644643782275386e-12,0,0.0
128,2.155172413793103,3,0.0012499939749766617,128,128.0
128,2.155172413793103,4,7.935690488415938e-07,0,0.0
128,2.155172413793103,5,0.02005305694371302,128,128.0
128,2.155172413793103,6,2.8022627113603965e-08,0,0.0
128,2.155172413793103,7,-1.0994760658051462e-12,0,0.0
128,2.155172413793103,8,0.00034305456849250315,128,128.0
128,2.155172413793103,9,-2.2519334038189367,0,0.0
128,2.155172413793103,10,2.5545669564258246e-10,0,0.0
128,2.155172413793103,11,4.86624851434842e-12,0,0.0
128,2.155172413793103,12,-0.5228877511478932,0,0.0
128,2.155172413793103,13,-1.323547275771309,0,0.0
128,2.155172413793103,14,-0.0018622324626122427,0,0.0
128,2.155172413793103,15,-2.930252228049862e-05,0,0.0
128,2.155172413793103,16,3.107556288124577e-08,0,0.0
128,2.155172413793103,17,0.0087072581792305,128,128.0
128,2.155172413793103,18,-0.11338593018635658,0,0.0
128,2.155172413793103,19,5.4309783558723886e-06,128,128.0
128,2.2586206896551726,0,-0.06807940332601657,0,0.0
128,2.2586206896551726,1,-1.2652337171331756,0,0.0
128,2.2586206896551726,2,1.3426637579236045e-12,0,0.0
128,2.2586206896551726,3,0.0006553813624458651,128,128.0
128,2.2586206896551726,4,4.2761063992646583e-07,0,0.0
128,2.2586206896551726,5,0.014767837637883393,128,128.0
128,2.2586206896551726,6,1.242341406547541e-08,0,0.0
128,2.2586206896551726,7,-1.004523131392002e-12,0,0.0
128,2.2586206896551726,8,0.00024313371326421487,128,128.0
128,2.2586206896551726,9,-2.346442438921517,0,0.0
128,2.2586206896551726,10,7.021783082847518e-11,0,0.0
128,2.2586206896551726,11,1.3914802642678663e-12,0,0.0
128,2.2586206896551726,12,-0.533594739480482,0,0.0
128,2.2586206896551726,13,-1.3499132600674804,0,0.0
128,2.2586206896551726,14,-0.001728835425185059,0,0.0
128,2.2586206896551726,15,-2.0860155331623503e-05,0,0.0
128,2.2586206896551726,16,1.3996641478760172e-08,0,0.0
128,2.2586206896551726,17,0.006769081178812689,128,128.0
128,2.2586206896551726,18,-0.11176048483971653,0,0.0
128,2.2586206896551726,19,3.155248231026086e-06,128,128.0
128,2.362068965517241,0,-0.2713759904471221,0,0.0
128,2.362068965517241,1,-1.2845523584048555,0,0.0
128,2.362068965517241,2,3.8289815762236706e-13,0,0.0
128,2.362068965517241,3,0.00036442310045878187,128,128.0
128,2.362068965517241,4,2.3159097159676878e-07,0,0.0
128,2.362068965517241,5,0.003772183362906349,128,128.0
128,2.362068965517241,6,5.540826700981585e-09,0,0.0
128,2.362068965517241,7,-5.647116108221953e-13,0,0.0
128,2.362068965517241,8,0.00017436042332687925,128,128.0
128,2.362068965517241,9,-2.4434953434577613,0,0.0
128,2.362068965517241,10,1.670771287104567e-11,0,0.0
128,2.362068965517241,11,4.064915071142681e-13,0,0.0
128,2.362068965517241,12,-0.7059552743016732,0,0.0
128,2.362068965517241,13,-1.2380750714760322,0,0.0
128,2.362068965517241,14,-0.0016071066831537233,0,0.0
128,2.362068965517241,15,-1.4583399012540242e-05,0,0.0
128,2.362068965517241,16,6.3476832011319064e-09,0,0.0
128,2.362068965517241,17,0.005456237640387674,128,128.0
128,2.362068965517241,18,-0.09938222509746276,0,0.0
128,2.362068965517241,19,1.84480033227632e-06,128,128.0
128,2.4655172413793105,0,-0.420761593165046,0,0.0
128,2.4655172413793105,1,-1.3423552343490852,0,0.0
128,2.4655172413793105,2,1.0748513190585922e-13,0,0.0
128,2.4655172413793105,3,0.0002074827340948095,128,128.0
128,2.4655172413793105,4,1.2457133179591614e-07,0,0.0
128,2.4655172413793105,5,0.009595059916782056,128,128.0
128,2.4655172413793105,6,2.4476771825265e-09,0,0.0
128,2.4655172413793105,7,-2.696010081884355e-13,0,0.0
128,2.4655172413793105,8,0.00012534743308002726,128,128.0
128,2.4655172413793105,9,-2.543813849925287,0,0.0
128,2.4655172413793105,10,2.2101686938043236e-12,0,0.0
128,2.4655172413793105,11,1.1760592499794769e-13,0,0.0
128,2.4655172413793105,12,-0.7533334197818666,0,0.0
128,2.4655172413793105,13,-1.5248724272188394,0,0.0
128,2.4655172413793105,14,-0.0014933655421930517,0,0.0
128,2.4655172413793105,15,-1.0478409829212491e-05,0,0.0
128,2.4655172413793105,16,2.851100910736727e-09,0,0.0
128,2.4655172413793105,17,0.00446132048854475,128,128.0
128,2.4655172413793105,18,-0.10083382153901056,0,0.0
128,2.4655172413793105,19,1.0734326450090193e-06,128,128.0
128,2.5689655172413794,0,-0.4909980520445214,0,0.0
128,2.5689655172413794,1,-1.4005155879297386,0,0.0
128,2.5689655172413794,2,3.0828672947774434e-14,0,0.0
128,2.5689655172413794,3,0.00012085894608757105,128,128.0
128,2.5689655172413794,4,6.734597124276197e-08,0,0.0
128,2.5689655172413794,5,0.011260318876121419,128,128.0
128,2.5689655172413794,6,1.0880668917910875e-09,0,0.0
128,2.5689655172413794,7,-1.1963319224221864e-13,0,0.0
128,2.5689655172413794,8,9.073019755347116e-05,128,128.0
128,2.5689655172413794,9,-2.6446693652889923,0,0.0
128,2.5689655172413794,10,-1.0227951860320875e-12,0,0.0
128,2.5689655172413794,11,3.484323940478295e-14,0,0.0
128,2.5689655172413794,12,-0.8488787710595712,0,0.0
128,2.5689655172413794,13,-1.5559301640599716,0,0.0
128,2.5689655172413794,14,-0.001388830950281142,0,0.0
128,2.5689655172413794,15,-8.208282015786825e-06,0,0.0
128,2.5689655172413794,16,1.2866906937235901e-09,0,0.0
128,2.5689655172413794,17,0.0036943361518810788,128,128.0
128,2.5689655172413794,18,-0.07151222462075209,0,0.0
128,2.5689655172413794,19,6.277911273996674e-07,0,0.0
128,2.6724137931034484,0,-0.5493657400944816,0,0.0
128,2.6724137931034484,1,-1.4540247483296203,0,0.0
128,2.6724137931034484,2,8.51319015282432e-15,0,0.0
128,2.6724137931034484,3,7.12001933947919e-05,128,128.0
128,2.6724137931034484,4,3.637587161680822e-08,0,0.0
128,2.6724137931034484,5,0.01373927103833444,128,128.0
128,2.6724137931034484,6,4.829685278296755e-10,0,0.0
128,2.6724137931034484,7,-5.083489185166481e-14,0,0.0
128,2.6724137931034484,8,6.582292992037376e-05,128,128.0
128,2.6724137931034484,9,-2.746495836444799,0,0.0
128,2.6724137931034484,10,-1.442862497146369e-12,0,0.0
128,2.6724137931034484,11,9.865441796814493e-15,0,0.0
128,2.6724137931034484,12,-0.8164369153948817,0,0.0
128,2.6724137931034484,13,-1.598330796301724,0,0.0
128,2.6724137931034484,14,-0.0012916186682119543,0,0.0
128,2.6724137931034484,15,-6.514704127707024e-06,0,0.0
128,2.6724137931034484,16,5.785096401455401e-10,0,0.0
128,2.6724137931034484,17,0.0030805581318728665,128,128.0
128,2.6724137931034484,18,-0.06919261414170937,0,0.0
128,2.6724137931034484,19,3.6699778314030354e-07,0,0.0
128,2.7758620689655173,0,-0.5984799526737258,0,0.0
128,2.7758620689655173,1,-1.5009016207351757,0,0.0
128,2.7758620689655173,2,2.493560913307976e-15,0,0.0
128,2.7758620689655173,3,4.2073691887227905e-05,128,128.0
128,2.7758620689655173,4,1.9512969938121892e-08,0,0.0
128,2.7758620689655173,5,0.014019415873633612,128,128.0
128,2.7758620689655173,6,2.1240004522976545e-10,0,0.0
128,2.7758620689655173,7,-2.073119453884691e-14,0,0.0
128,2.7758620689655173,8,4.7668111168745946e-05,128,128.0
128,2.7758620689655173,9,-2.8506016395948697,0,0.0
128,2.7758620689655173,10,-1.2828205167894132e-12,0,0.0
128,2.7758620689655173,11,2.8976820942712394e-15,0,0.0
128,2.7758620689655173,12,-0.6939457378908924,0,0.0
128,2.7758620689655173,13,-1.6687764334802364,0,0.0
128,2.7758620689655173,14,-0.0012002727558378715,0,0.0
128,2.7758620689655173,15,-5.018805720601762e-06,0,0.0
128,2.7758620689655173,16,2.5694773256394614e-10,0,0.0
128,2.7758620689655173,17,0.002576040436486138,128,128.0
128,2.7758620689655173,18,-0.06923494084038276,0,0.0
128,2.7758620689655173,19,2.132830558569971e-07,0,0.0
128,2.8793103448275863,0,-0.6361132613091962,0,0.0
128,2.8793103448275863,1,-1.543382842516237,0,0.0
128,2.8793103448275863,2,7.061018436615857e-16,0,0.0
128,2.8793103448275863,3,2.5148411238653682e-05,128,128.0
128,2.8793103448275863,4,1.052082931576877e-08,0,0.0
128,2.8793103448275863,5,0.013791374214080677,128,128.0
128,2.8793103448275863,6,9.403028776199686e-11,0,0.0
128,2.8793103448275863,7,-8.347766922160021e-15,0,0.0
128,2.8793103448275863,8,3.464990348207437e-05,128,128.0
128,2.8793103448275863,9,-2.9538591835875145,0,0.0
128,2.8793103448275863,10,-1.0717182698134425e-12,0,0.0
128,2.8793103448275863,11,9.225953334634623e-16,0,0.0
128,2.8793103448275863,12,-0.6565656628648121,0,0.0
128,2.8793103448275863,13,-1.7539680302282978,0,0.0
128,2.8793103448275863,14,-0.001116033260312022,0,0.0
128,2.8793103448275863,15,-3.816432247361587e-06,0,0.0
128,2.8793103448275863,16,1.1445917379292305e-10,0,0.0
128,2.8793103448275863,17,0.0021642739062269763,128,128.0
128,2.8793103448275863,18,-0.06032754410638525,0,0.0
128,2.8793103448275863,19,1.244995432946882e-07,0,0.0
128,2.9827586206896552,0,-0.6844058931503665,0,0.0
128,2.9827586206896552,1,-1.6003952387523672,0,0.0
128,2.9827586206896552,2,0.0,0,0.0
128,2.9827586206896552,3,1.5039622725412686e-05,128,128.0
128,2.9827586206896552,4,5.633665905935319e-09,0,0.0
128,2.9827586206896552,5,0.014173774950680238,128,128.0
128,2.9827586206896552,6,4.124999226469672e-11,0,0.0
128,2.9827586206896552,7,-3.2773783686939977e-15,0,0.0
128,2.9827586206896552,8,2.5112864795037318e-05,128,128.0
128,2.9827586206896552,9,-3.0546745056772506,0,0.0
128,2.9827586206896552,10,-8.831380072326047e-13,0,0.0
128,2.9827586206896552,11,2.3980817331903097e-16,0,0.0
128,2.9827586206896552,12,-1.0409572693011426,0,0.0
128,2.9827586206896552,13,-1.8809912406640152,0,0.0
128,2.9827586206896552,14,-0.0010368090563890482,0,0.0
128,2.9827586206896552,15,-2.8785782843348324e-06,0,0.0
128,2.9827586206896552,16,5.032417471288033e-11,0,0.0
128,2.9827586206896552,17,0.0018187547058269421,128,128.0
128,2.9827586206896552,18,-5.4832532862502505,0,0.0
128,2.9827586206896552,19,7.223078712372291e-08,0,0.0
128,3.086206896551724,0,-0.7152292412190557,0,0.0
128,3.086206896551724,1,-1.7011559354326775,0,0.0
128,3.086206896551724,2,0.0,0,0.0
128,3.086206896551724,3,9.083922462443375e-06,128,128.0
128,3.086206896551724,4,3.0323086091156555e-09,0,0.0
128,3.086206896551724,5,0.0052751754461308675,128,128.0
128,3.086206896551724,6,1.8219494792697803e-11,0,0.0
128,3.086206896551724,7,-1.2856382625160135e-15,0,0.0
128,3.086206896551724,8,1.825375337776958e-05,128,128.0
128,3.086206896551724,9,-3.1841922039593245,0,0.0
128,3.086206896551724,10,-7.033806870624736e-13,0,0.0
128,3.086206896551724,11,0.0,0,0.0
128,3.086206896551724,12,-0.9669564663414447,0,0.0
128,3.086206896551724,13,-1.9789970758933715,0,0.0
128,3.086206896551724,14,-0.0009637237879720963,0,0.0
128,3.086206896551724,15,-2.172922056011835e-06,0,0.0
128,3.086206896551724,16,2.218295211866256e-11,0,0.0
128,3.086206896551724,17,0.0015327749879765274,128,128.0
128,3.086206896551724,18,-5.96195478499555,0,0.0
128,3.086206896551724,19,4.2087290305587535e-08,0,0.0
128,3.189655172413793,0,-0.7334585370886586,0,0.0
128,3.189655172413793,1,-1.7714362479760446,0,0.0
128,3.189655172413793,2,0.0,0,0.0
128,3.189655172413793,3,5.4859433108932564e-06,128,128.0
128,3.189655172413793,4,1.6209988021189486e-09,0,0.0
128,3.189655172413793,5,0.014769460927703733,128,128.0
128,3.189655172413793,6,7.975422542861629e-12,0,0.0
128,3.189655172413793,7,-4.940492459582068e-16,0,0.0
128,3.189655172413793,8,1.3221347158909996e-05,128,128.0
128,3.189655172413793,9,-3.3416506339016627,0,0.0
128,3.189655172413793,10,-5.09265962749898e-13,0,0.0
128,3.189655172413793,11,0.0,0,0.0
128,3.189655172413793,12,-0.9347291411387336,0,0.0
128,3.189655172413793,13,-2.090687084412192,0,0.0
128,3.189655172413793,14,-0.0008949905431896861,0,0.0
128,3.189655172413793,15,-1.6343760939296934e-06,0,0.0
128,3.189655172413793,16,9.649072647417451e-12,0,0.0
128,3.189655172413793,17,0.0012905145696065976,128,128.0
128,3.189655172413793,18,-6.2154413117143825,0,0.0
128,3.189655172413793,19,2.4372111487952868e-08,0,0.0
128,3.293103448275862,0,-0.7809878757177634,0,0.0
128,3.293103448275862,1,-1.8206040581315799,0,0.0
128,3.293103448275862,2,0.0,0,0.0
128,3.293103448275862,3,3.344369002787357e-06,128,128.0
128,3.293103448275862,4,8.710862436542983e-10,0,0.0
128,3.293103448275862,5,0.01532239992982207,128,128.0
128,3.293103448275862,6,3.515687740588919e-12,0,0.0
128,3.293103448275862,7,-1.9095836023552877e-16,0,0.0
128,3.293103448275862,8,9.600456366214515e-06,128,128.0
128,3.293103448275862,9,-3.477135550870844,0,0.0
128,3.293103448275862,10,-3.1720959193273154e-13,0,0.0
128,3.293103448275862,11,0.0,0,0.0
128,3.293103448275862,12,-0.9763766584697146,0,0.0
128,3.293103448275862,13,-2.1989248210387333,0,0.0
128,3.293103448275862,14,-0.0008315981965816387,0,0.0
128,3.293103448275862,15,-1.2320841201228446e-06,0,0.0
128,3.293103448275862,16,4.209196323912924e-12,0,0.0
128,3.293103448275862,17,0.0010887140962076486,128,128.0
128,3.293103448275862,18,-6.444973201915483,0,0.0
128,3.293103448275862,19,1.4174756691925481e-08,0,0.0
128,3.396551724137931,0,-0.48617912986045475,0,0.0
128,3.396551724137931,1,-2.0592289589646025,0,0.0
128,3.396551724137931,2,0.0,0,0.0
128,3.396551724137931,3,2.0381507453839602e-06,128,128.0
128,3.396551724137931,4,4.649241640800339e-10,0,0.0
128,3.396551724137931,5,0.014544948487451262,128,128.0
128,3.396551724137931,6,1.5361600879572512e-12,0,0.0
128,3.396551724137931,7,-7.327471962526061e-17,0,0.0
128,3.396551724137931,8,6.944735401450688e-06,128,128.0
128,3.396551724137931,9,-3.4712453830117944,0,0.0
128,3.396551724137931,10,-1.5977108525222315e-13,0,0.0
128,3.396551724137931,11,0.0,0,0.0
128,3.396551724137931,12,-0.8805742978445524,0,0.0
128,3.396551724137931,13,-2.276509741501638,0,0.0
128,3.396551724137931,14,-0.0007720031618849386,0,0.0
128,3.396551724137931,15,-9.259804272459982e-07,0,0.0
128,3.396551724137931,16,1.8122503496101476e-12,0,0.0
128,3.396551724137931,17,0.0009170443000136565,128,128.0
128,3.396551724137931,18,-6.668939426724775,0,0.0
128,3.396551724137931,19,8.193245031692495e-09,0,0.0
128,3.5,0,-0.5717771306160245,0,0.0
128,3.5,1,-2.168468247775405,0,0.0
128,3.5,2,0.0,0,0.0
128,3.5,3,1.2534516687661097e-06,128,128.0
128,3.5,4,2.494605424851627e-10,0,0.0
128,3.5,5,0.012053300182778877,128,128.0
128,3.5,6,6.758926751488268e-13,0,0.0
128,3.5,7,-2.775557561562895e-17,0,0.0
128,3.5,8,5.035520574942241e-06,128,128.0
128,3.5,9,-3.6255871642704767,0,0.0
128,3.5,10,-6.390332707462567e-14,0,0.0
128,3.5,11,0.0,0,0.0
128,3.5,12,-1.0450364264860212,0,0.0
128,3.5,13,-2.355339959218456,0,0.0
128,3.5,14,-0.0007170644663970915,0,0.0
128,3.5,15,-6.976991975916818e-07,0,0.0
128,3.5,16,7.830214254423055e-13,0,0.0
128,3.5,17,0.0007736643141460557,128,128.0
128,3.5,18,-6.886497236606149,0,0.0
128,3.5,19,4.756690904157032e-09,0,0.0
